,Mėn. Nr.,Grąžintina dalis,Likutis,Palūkanos,Grazintina suma
0,1.0,250.0,750.0,3.3333333333333335,253.33333333333334
1,2.0,250.0,500.0,2.5,252.5
2,3.0,250.0,250.0,1.6666666666666667,251.66666666666666
3,4.0,250.0,0.0,0.8333333333333334,250.83333333333334
